{
  "__version__": "1.0.0",
  "current-scene": "cf416626-5dbc-432c-bc41-4b9f2c064b34",
  "gizmos-infos": {
    "is2D": false,
    "is3DIcon": false,
    "iconSize": 2,
    "gridVisible": true,
    "gridColor": [
      150,
      150,
      150,
      255
    ],
    "isIconGizmo3D": false,
    "iconGizmoSize": 2,
    "isGridVisible": true
  },
  "float-window": {
    "position": {
      "cc": {
        "Camera": {
          "dock": false,
          "top": null,
          "bottom": 10,
          "left": null,
          "right": 10
        }
      }
    }
  },
  "camera-infos": {
    "f46876e4-e81b-4931-b493-6d367be385e7": {
      "position": {
        "x": 462.56490443533994,
        "y": 228.55757506807078,
        "z": 911.5083622834854
      },
      "rotation": {
        "x": -0.017589391850097537,
        "y": -0.009561078950193033,
        "z": -0.00016820727874046194,
        "w": 0.9997995652979468
      },
      "viewCenter": {
        "x": 480,
        "y": 196.46959300000003,
        "z": 0
      }
    }
  },
  "camera-uuids": [
    "f46876e4-e81b-4931-b493-6d367be385e7"
  ]
}
